Workbook

Sheet raw_data
A1: user_id | B1: sessions | C1: payments | D1: game_time_minutes
A2: 1d60048e | B2: 8 | C2: 1 | D2: 142
A3: 811a2f2a | B3: 4 | C3: 68.06 | D3: 113.6
A4: 6e68de94 | B4: 2 | C4: 3.95 | D4: 139.6
A5: 7b235456 | B5: 3 | C5: 13.79 | D5: 105.8
A6: 8337899e | B6: 4 | C6: 16.43 | D6: 190.5
A7: 759a5069 | B7: 7 | C7: 19.52 | D7: 40.1
A8: 4c9d013e | B8: 4 | C8: 60.44 | D8: 140.2
A9: 4026f24f | B9: 3 | C9: 2.76 | D9: 67.1
A10: 669e8315 | B10: 2 | C10: 0.41 | D10: 113.2
A11: 0d88ee75 | B11: 6 | C11: 5.3 | D11: 117.4
A12: e2378c6f | B12: 3 | C12: 1.39 | D12: 165.2
A13: 6b94e85b | B13: 5 | C13: 0.23 | D13: 99.2
... A43: 28df8147 | B43: 6 | C43: 2.38 | D43: 117.6
A44: 13628710 | B44: 2 | C44: 54.33 | D44: 114.5
A45: 6932221e | B45: 4 | C45: 39.7 | D45: 120.9
A46: ef7d7144 | B46: 7 | C46: 10.48 | D46: 99.7
A47: 1fb2537c | B47: 6 | C47: 16.32 | D47: 150.1
A48: 101f5728 | B48: 5 | C48: 12.56 | D48: 122.9
A49: ecdd3e5b | B49: 4 | C49: 8.99 | D49: 104.9
A50: 43ec3229 | B50: 3 | C50: 0.55 | D50: 130.3
A51: c96b54b8 | B51: 3 | C51: 6.07 | D51: 117.8
A52: 85a21042 | B52: 7 | C52: 11.23 | D52: 68
A53: 1d80c16e | B53: 7 | C53: 11.32 | D53: 130.2
A54: 840d59a0 | B54: 6 | C54: 4.67 | D54: 89.4
A55: db7b71c7 | B55: 6 | C55: 28.42 | D55: 148
A56: 493feba2 | B56: 7 | C56: 1.83 | D56: 112.7
... A91: 4cb06a50 | B91: 5 | C91: 0.88 | D91: 110.2
A92: 65451583 | B92: 2 | C92: 9.34 | D92: 110.6
A93: e9d203ef | B93: 6 | C93: 21.28 | D93: 138.3
A94: 753ed5f5 | B94: 4 | C94: 21.45 | D94: 105.9
A95: 3eee8e3f | B95: 3 | C95: 10.76 | D95: 77.2
A96: ee6ec3d7 | B96: 5 | C96: 2.37 | D96: 142.8
A97: 18b298ce | B97: 6 | C97: 19.88 | D97: 85.6
A98: c796bc91 | B98: 3 | C98: 21.72 | D98: 135.5
A99: b73546ef | B99: 4 | C99: 2.19 | D99: 149.2
A100: 65d0ee1a | B100: 8 | C100: 13.37 | D100: 108.7
A101: 829d5df7 | B101: 4 | C101: 3.38 | D101: 155.5
A102: b10848b2 | B102: 10 | C102: 16.23 | D102: 134.5
A103: a2a45a90 | B103: 4 | C103: 58.92 | D103: 99.1
A104: 76af5bab | B104: 5 | C104: 0.3 | D104: 162
... A140: 350aa310 | B140: 2 | C140: 0.65 | D140: 138.6
A141: 42213759 | B141: 5 | C141: 2.36 | D141: 80.5
A142: 7ff986a4 | B142: 4 | C142: 16.56 | D142: 95.8
A143: 9989b527 | B143: 5 | C143: 1.59 | D143: 141.3
A144: 81ff8b45 | B144: 4 | C144: 4.2 | D144: 152.2
A145: 01e54d2f | B145: 5 | C145: 20 | D145: 129.8
A146: 269ed5af | B146: 6 | C146: 1.68 | D146: 111.4
A147: d174f661 | B147: 1 | C147: 0.86 | D147: 56.6
A148: b330381a | B148: 3 | C148: 6.63 | D148: 113.7
A149: b74249b3 | B149: 2 | C149: 3.6 | D149: 136
A150: 7c3b5c13 | B150: 5 | C150: 8.29 | D150: 110.5
A151: a1cc4258 | B151: 4 | C151: 16.29 | D151: 119.3
A152: f662a3d3 | B152: 7 | C152: 1.48 | D152: 114.4
A153: ac941a2e | B153: 7 | C153: 8.69 | D153: 110.3
... A156: 0f35f774 | B156: 7 | C156: 9.78 | D156: 163.3
A157: 67465649 | B157: 2 | C157: 3.2 | D157: 53.8
A158: 3296f644 | B158: 7 | C158: 6.69 | D158: 103.6
A159: 2f38c2d7 | B159: 5 | C159: 0.86 | D159: 93.9
A160: dfb3dbe0 | B160: 7 | C160: 6.15 | D160: 126.6
A161: 394f4c6f | B161: 6 | C161: 3.66 | D161: 122.3
A162: 32b580cd | B162: 5 | C162: 17.28 | D162: 168.7
A163: fa887b8c | B163: 6 | C163: 0.59 | D163: 178.5
A164: cff4be04 | B164: 5 | C164: 5.42 | D164: 96.8
A165: 40805fd5 | B165: 4 | C165: 6.13 | D165: 120
A166: 25c1fb4d | B166: 7 | C166: 12.91 | D166: 125.9
A167: aa845d1f | B167: 1 | C167: 8.54 | D167: 96.1
A168: 8026677d | B168: 8 | C168: 11 | D168: 138.9
A169: 517f1992 | B169: 4 | C169: 15.01 | D169: 112.8
... A171: 69e0124d | B171: 3 | C171: 3.77 | D171: 111.6
A172: 7205854 | B172: 7 | C172: 7.72 | D172: 90.1
A173: 504a9c64 | B173: 2 | C173: 18.33 | D173: 151.1
A174: c27e28e4 | B174: 5 | C174: 45.52 | D174: 177
A175: 7e7dea93 | B175: 10 | C175: 22.03 | D175: 127.3
A176: b6b66e47 | B176: 7 | C176: 4.64 | D176: 123.3
A177: 0ccda666 | B177: 7 | C177: 2.17 | D177: 124.6
A178: fa8de8c9 | B178: 10 | C178: 6.72 | D178: 155.5
A179: 7fb5c783 | B179: 1 | C179: 13.53 | D179: 154.8
A180: ad797bb1 | B180: 5 | C180: 6.78 | D180: 116.5
A181: 816d0b8d | B181: 3 | C181: 6.6 | D181: 127.6
A182: bb110683 | B182: 8 | C182: 18.22 | D182: 139.6
A183: 4c4a8eba | B183: 7 | C183: 4.48 | D183: 85.9
A184: 6f54ef21 | B184: 3 | C184: 19.65 | D184: 156.4
... A198: 3463ca9c | B198: 4 | C198: 8.04 | D198: 120.7
A199: 57756568 | B199: 3 | C199: 4.65 | D199: 111
A200: f3cc3863 | B200: 2 | C200: 10.84 | D200: 138.3
A201: 7893a80f | B201: 3 | C201: 1.52 | D201: 203
A202: 611f128b | B202: 9 | C202: 8.46 | D202: 123
A203: 1ed66f3c | B203: 5 | C203: 2.05 | D203: 94.7
A204: d0beafba | B204: 4 | C204: 3.27 | D204: 162.5
A205: 02520c2c | B205: 7 | C205: 2.47 | D205: 72.3
A206: 6b19aba5 | B206: 8 | C206: 2.02 | D206: 78.3
A207: d5351c64 | B207: 4 | C207: 17.47 | D207: 102.1
A208: 235d7870 | B208: 4 | C208: 3.36 | D208: 111.5
A209: 017c54c8 | B209: 8 | C209: 26.19 | D209: 101.4
A210: 288f157f | B210: 5 | C210: 35.04 | D210: 119.1
A211: 724c4a59 | B211: 5 | C211: 8.47 | D211: 128.2
... A244: ba9c31e6 | B244: 4 | C244: 6.28 | D244: 139.7
A245: 91158499 | B245: 8 | C245: 14.3 | D245: 81.9
A246: 9b9ffcc5 | B246: 5 | C246: 1.68 | D246: 179.1
...

Sheet raw_data_edited
A1: user_id | B1: sessions | C1: payments | D1: game_time_minutes | E1: payment_outlier
A2: 1d60048e | B2: 8 | C2: 1 | D2: 142 | E2: {=IF(C2<statistics_analysis!$C$14,"low outlier",IF(C2>statistics_analysis!$C$15,"high outlier","normal"))} -> normal
A3: 811a2f2a | B3: 4 | C3: 68.06 | D3: 113.6 | E3: {=IF(C2<statistics_analysis!$C$14,"low outlier",IF(C2>statistics_analysis!$C$15,"high outlier","normal"))} -> normal
A4: 6e68de94 | B4: 2 | C4: 3.95 | D4: 139.6 | E4: {=IF(C3<statistics_analysis!$C$14,"low outlier",IF(C3>statistics_analysis!$C$15,"high outlier","normal"))} -> high outlier
A5: 7b235456 | B5: 3 | C5: 13.79 | D5: 105.8 | E5: {=IF(C4<statistics_analysis!$C$14,"low outlier",IF(C4>statistics_analysis!$C$15,"high outlier","normal"))} -> normal
A6: 8337899e | B6: 4 | C6: 16.43 | D6: 190.5 | E6: {=IF(C5<statistics_analysis!$C$14,"low outlier",IF(C5>statistics_analysis!$C$15,"high outlier","normal"))} -> normal
A7: 759a5069 | B7: 7 | C7: 19.52 | D7: 40.1 | E7: {=IF(C6<statistics_analysis!$C$14,"low outlier",IF(C6>statistics_analysis!$C$15,"high outlier","normal"))} -> normal
A8: 4c9d013e | B8: 4 | C8: 60.44 | D8: 140.2 | E8: {=IF(C7<statistics_analysis!$C$14,"low outlier",IF(C7>statistics_analysis!$C$15,"high outlier","normal"))} -> normal
A9: 4026f24f | B9: 3 | C9: 2.76 | D9: 67.1 | E9: {=IF(C8<statistics_analysis!$C$14,"low outlier",IF(C8>statistics_analysis!$C$15,"high outlier","normal"))} -> high outlier
A10: 669e8315 | B10: 2 | C10: 0.41 | D10: 113.2 | E10: {=IF(C9<statistics_analysis!$C$14,"low outlier",IF(C9>statistics_analysis!$C$15,"high outlier","normal"))} -> normal
A11: 0d88ee75 | B11: 6 | C11: 5.3 | D11: 117.4 | E11: {=IF(C10<statistics_analysis!$C$14,"low outlier",IF(C10>statistics_analysis!$C$15,"high outlier","normal"))} -> normal
A12: e2378c6f | B12: 3 | C12: 1.39 | D12: 165.2 | E12: {=IF(C11<statistics_analysis!$C$14,"low outlier",IF(C11>statistics_analysis!$C$15,"high outlier","normal"))} -> normal
A13: 6b94e85b | B13: 5 | C13: 0.23 | D13: 99.2 | E13: {=IF(C12<statistics_analysis!$C$14,"low outlier",IF(C12>statistics_analysis!$C$15,"high outlier","normal"))} -> normal
A14: 6e45e7d5 | B14: 9 | C14: 4.47 | D14: 159.2 | E14: {=IF(C13<statistics_analysis!$C$14,"low outlier",IF(C13>statistics_analysis!$C$15,"high outlier","normal"))} -> normal
... A43: 28df8147 | B43: 6 | C43: 2.38 | D43: 117.6 | E43: {=IF(C42<statistics_analysis!$C$14,"low outlier",IF(C42>statistics_analysis!$C$15,"high outlier","normal"))} -> normal
A44: 13628710 | B44: 2 | C44: 54.33 | D44: 114.5 | E44: {=IF(C43<statistics_analysis!$C$14,"low outlier",IF(C43>statistics_analysis!$C$15,"high outlier","normal"))} -> normal
A45: 6932221e | B45: 4 | C45: 39.7 | D45: 120.9 | E45: {=IF(C44<statistics_analysis!$C$14,"low outlier",IF(C44>statistics_analysis!$C$15,"high outlier","normal"))} -> high outlier
A46: ef7d7144 | B46: 7 | C46: 10.48 | D46: 99.7 | E46: {=IF(C45<statistics_analysis!$C$14,"low outlier",IF(C45>statistics_analysis!$C$15,"high outlier","normal"))} -> high outlier
A47: 1fb2537c | B47: 6 | C47: 16.32 | D47: 150.1 | E47: {=IF(C46<statistics_analysis!$C$14,"low outlier",IF(C46>statistics_analysis!$C$15,"high outlier","normal"))} -> normal
A48: 101f5728 | B48: 5 | C48: 12.56 | D48: 122.9 | E48: {=IF(C47<statistics_analysis!$C$14,"low outlier",IF(C47>statistics_analysis!$C$15,"high outlier","normal"))} -> normal
A49: ecdd3e5b | B49: 4 | C49: 8.99 | D49: 104.9 | E49: {=IF(C48<statistics_analysis!$C$14,"low outlier",IF(C48>statistics_analysis!$C$15,"high outlier","normal"))} -> normal
A50: 43ec3229 | B50: 3 | C50: 0.55 | D50: 130.3 | E50: {=IF(C49<statistics_analysis!$C$14,"low outlier",IF(C49>statistics_analysis!$C$15,"high outlier","normal"))} -> normal
A51: c96b54b8 | B51: 3 | C51: 6.07 | D51: 117.8 | E51: {=IF(C50<statistics_analysis!$C$14,"low outlier",IF(C50>statistics_analysis!$C$15,"high outlier","normal"))} -> normal
A52: 85a21042 | B52: 7 | C52: 11.23 | D52: 68 | E52: {=IF(C51<statistics_analysis!$C$14,"low outlier",IF(C51>statistics_analysis!$C$15,"high outlier","normal"))} -> normal
A53: 1d80c16e | B53: 7 | C53: 11.32 | D53: 130.2 | E53: {=IF(C52<statistics_analysis!$C$14,"low outlier",IF(C52>statistics_analysis!$C$15,"high outlier","normal"))} -> normal
A54: 840d59a0 | B54: 6 | C54: 4.67 | D54: 89.4 | E54: {=IF(C53<statistics_analysis!$C$14,"low outlier",IF(C53>statistics_analysis!$C$15,"high outlier","normal"))} -> normal
A55: db7b71c7 | B55: 6 | C55: 28.42 | D55: 148 | E55: {=IF(C54<statistics_analysis!$C$14,"low outlier",IF(C54>statistics_analysis!$C$15,"high outlier","normal"))} -> normal
A56: 493feba2 | B56: 7 | C56: 1.83 | D56: 112.7 | E56: {=IF(C55<statistics_analysis!$C$14,"low outlier",IF(C55>statistics_analysis!$C$15,"high outlier","normal"))} -> normal
... A91: 4cb06a50 | B91: 5 | C91: 0.88 | D91: 110.2 | E91: {=IF(C90<statistics_analysis!$C$14,"low outlier",IF(C90>statistics_analysis!$C$15,"high outlier","normal"))} -> normal
A92: 65451583 | B92: 2 | C92: 9.34 | D92: 110.6 | E92: {=IF(C91<statistics_analysis!$C$14,"low outlier",IF(C91>statistics_analysis!$C$15,"high outlier","normal"))} -> normal
A93: e9d203ef | B93: 6 | C93: 21.28 | D93: 138.3 | E93: {=IF(C92<statistics_analysis!$C$14,"low outlier",IF(C92>statistics_analysis!$C$15,"high outlier","normal"))} -> normal
A94: 753ed5f5 | B94: 4 | C94: 21.45 | D94: 105.9 | E94: {=IF(C93<statistics_analysis!$C$14,"low outlier",IF(C93>statistics_analysis!$C$15,"high outlier","normal"))} -> normal
A95: 3eee8e3f | B95: 3 | C95: 10.76 | D95: 77.2 | E95: {=IF(C94<statistics_analysis!$C$14,"low outlier",IF(C94>statistics_analysis!$C$15,"high outlier","normal"))} -> normal
A96: ee6ec3d7 | B96: 5 | C96: 2.37 | D96: 142.8 | E96: {=IF(C95<statistics_analysis!$C$14,"low outlier",IF(C95>statistics_analysis!$C$15,"high outlier","normal"))} -> normal
A97: 18b298ce | B97: 6 | C97: 19.88 | D97: 85.6 | E97: {=IF(C96<statistics_analysis!$C$14,"low outlier",IF(C96>statistics_analysis!$C$15,"high outlier","normal"))} -> normal
A98: c796bc91 | B98: 3 | C98: 21.72 | D98: 135.5 | E98: {=IF(C97<statistics_analysis!$C$14,"low outlier",IF(C97>statistics_analysis!$C$15,"high outlier","normal"))} -> normal
A99: b73546ef | B99: 4 | C99: 2.19 | D99: 149.2 | E99: {=IF(C98<statistics_analysis!$C$14,"low outlier",IF(C98>statistics_analysis!$C$15,"high outlier","normal"))} -> normal
A100: 65d0ee1a | B100: 8 | C100: 13.37 | D100: 108.7 | E100: {=IF(C99<statistics_analysis!$C$14,"low outlier",IF(C99>statistics_analysis!$C$15,"high outlier","normal"))} -> normal
A101: 829d5df7 | B101: 4 | C101: 3.38 | D101: 155.5 | E101: {=IF(C100<statistics_analysis!$C$14,"low outlier",IF(C100>statistics_analysis!$C$15,"high outlier","normal"))} -> normal
A102: b10848b2 | B102: 10 | C102: 16.23 | D102: 134.5 | E102: {=IF(C101<statistics_analysis!$C$14,"low outlier",IF(C101>statistics_analysis!$C$15,"high outlier","normal"))} -> normal
A103: a2a45a90 | B103: 4 | C103: 58.92 | D103: 99.1 | E103: {=IF(C102<statistics_analysis!$C$14,"low outlier",IF(C102>statistics_analysis!$C$15,"high outlier","normal"))} -> normal
A104: 76af5bab | B104: 5 | C104: 0.3 | D104: 162 | E104: {=IF(C103<statistics_analysis!$C$14,"low outlier",IF(C103>statistics_analysis!$C$15,"high outlier","normal"))} -> high outlier
... A140: 350aa310 | B140: 2 | C140: 0.65 | D140: 138.6 | E140: {=IF(C139<statistics_analysis!$C$14,"low outlier",IF(C139>statistics_analysis!$C$15,"high outlier","normal"))} -> normal
A141: 42213759 | B141: 5 | C141: 2.36 | D141: 80.5 | E141: {=IF(C140<statistics_analysis!$C$14,"low outlier",IF(C140>statistics_analysis!$C$15,"high outlier","normal"))} -> normal
A142: 7ff986a4 | B142: 4 | C142: 16.56 | D142: 95.8 | E142: {=IF(C141<statistics_analysis!$C$14,"low outlier",IF(C141>statistics_analysis!$C$15,"high outlier","normal"))} -> normal
A143: 9989b527 | B143: 5 | C143: 1.59 | D143: 141.3 | E143: {=IF(C142<statistics_analysis!$C$14,"low outlier",IF(C142>statistics_analysis!$C$15,"high outlier","normal"))} -> normal
A144: 81ff8b45 | B144: 4 | C144: 4.2 | D144: 152.2 | E144: {=IF(C143<statistics_analysis!$C$14,"low outlier",IF(C143>statistics_analysis!$C$15,"high outlier","normal"))} -> normal
A145: 01e54d2f | B145: 5 | C145: 20 | D145: 129.8 | E145: {=IF(C144<statistics_analysis!$C$14,"low outlier",IF(C144>statistics_analysis!$C$15,"high outlier","normal"))} -> normal
A146: 269ed5af | B146: 6 | C146: 1.68 | D146: 111.4 | E146: {=IF(C145<statistics_analysis!$C$14,"low outlier",IF(C145>statistics_analysis!$C$15,"high outlier","normal"))} -> normal
A147: d174f661 | B147: 1 | C147: 0.86 | D147: 56.6 | E147: {=IF(C146<statistics_analysis!$C$14,"low outlier",IF(C146>statistics_analysis!$C$15,"high outlier","normal"))} -> normal
A148: b330381a | B148: 3 | C148: 6.63 | D148: 113.7 | E148: {=IF(C147<statistics_analysis!$C$14,"low outlier",IF(C147>statistics_analysis!$C$15,"high outlier","normal"))} -> normal
A149: b74249b3 | B149: 2 | C149: 3.6 | D149: 136 | E149: {=IF(C148<statistics_analysis!$C$14,"low outlier",IF(C148>statistics_analysis!$C$15,"high outlier","normal"))} -> normal
A150: 7c3b5c13 | B150: 5 | C150: 8.29 | D150: 110.5 | E150: {=IF(C149<statistics_analysis!$C$14,"low outlier",IF(C149>statistics_analysis!$C$15,"high outlier","normal"))} -> normal
A151: a1cc4258 | B151: 4 | C151: 16.29 | D151: 119.3 | E151: {=IF(C150<statistics_analysis!$C$14,"low outlier",IF(C150>statistics_analysis!$C$15,"high outlier","normal"))} -> normal
A152: f662a3d3 | B152: 7 | C152: 1.48 | D152: 114.4 | E152: {=IF(C151<statistics_analysis!$C$14,"low outlier",IF(C151>statistics_analysis!$C$15,"high outlier","normal"))} -> normal
A153: ac941a2e | B153: 7 | C153: 8.69 | D153: 110.3 | E153: {=IF(C152<statistics_analysis!$C$14,"low outlier",IF(C152>statistics_analysis!$C$15,"high outlier","normal"))} -> normal
... A156: 0f35f774 | B156: 7 | C156: 9.78 | D156: 163.3 | E156: {=IF(C155<statistics_analysis!$C$14,"low outlier",IF(C155>statistics_analysis!$C$15,"high outlier","normal"))} -> normal
A157: 67465649 | B157: 2 | C157: 3.2 | D157: 53.8 | E157: {=IF(C156<statistics_analysis!$C$14,"low outlier",IF(C156>statistics_analysis!$C$15,"high outlier","normal"))} -> normal
A158: 3296f644 | B158: 7 | C158: 6.69 | D158: 103.6 | E158: {=IF(C157<statistics_analysis!$C$14,"low outlier",IF(C157>statistics_analysis!$C$15,"high outlier","normal"))} -> normal
A159: 2f38c2d7 | B159: 5 | C159: 0.86 | D159: 93.9 | E159: {=IF(C158<statistics_analysis!$C$14,"low outlier",IF(C158>statistics_analysis!$C$15,"high outlier","normal"))} -> normal
A160: dfb3dbe0 | B160: 7 | C160: 6.15 | D160: 126.6 | E160: {=IF(C159<statistics_analysis!$C$14,"low outlier",IF(C159>statistics_analysis!$C$15,"high outlier","normal"))} -> normal
A161: 394f4c6f | B161: 6 | C161: 3.66 | D161: 122.3 | E161: {=IF(C160<statistics_analysis!$C$14,"low outlier",IF(C160>statistics_analysis!$C$15,"high outlier","normal"))} -> normal
A162: 32b580cd | B162: 5 | C162: 17.28 | D162: 168.7 | E162: {=IF(C161<statistics_analysis!$C$14,"low outlier",IF(C161>statistics_analysis!$C$15,"high outlier","normal"))} -> normal
A163: fa887b8c | B163: 6 | C163: 0.59 | D163: 178.5 | E163: {=IF(C162<statistics_analysis!$C$14,"low outlier",IF(C162>statistics_analysis!$C$15,"high outlier","normal"))} -> normal
A164: cff4be04 | B164: 5 | C164: 5.42 | D164: 96.8 | E164: {=IF(C163<statistics_analysis!$C$14,"low outlier",IF(C163>statistics_analysis!$C$15,"high outlier","normal"))} -> normal
A165: 40805fd5 | B165: 4 | C165: 6.13 | D165: 120 | E165: {=IF(C164<statistics_analysis!$C$14,"low outlier",IF(C164>statistics_analysis!$C$15,"high outlier","normal"))} -> normal
A166: 25c1fb4d | B166: 7 | C166: 12.91 | D166: 125.9 | E166: {=IF(C165<statistics_analysis!$C$14,"low outlier",IF(C165>statistics_analysis!$C$15,"high outlier","normal"))} -> normal
A167: aa845d1f | B167: 1 | C167: 8.54 | D167: 96.1 | E167: {=IF(C166<statistics_analysis!$C$14,"low outlier",IF(C166>statistics_analysis!$C$15,"high outlier","normal"))} -> normal
A168: 8026677d | B168: 8 | C168: 11 | D168: 138.9 | E168: {=IF(C167<statistics_analysis!$C$14,"low outlier",IF(C167>statistics_analysis!$C$15,"high outlier","normal"))} -> normal
A169: 517f1992 | B169: 4 | C169: 15.01 | D169: 112.8 | E169: {=IF(C168<statistics_analysis!$C$14,"low outlier",IF(C168>statistics_analysis!$C$15,"high outlier","normal"))} -> normal
... A171: 69e0124d | B171: 3 | C171: 3.77 | D171: 111.6 | E171: {=IF(C170<statistics_analysis!$C$14,"low outlier",IF(C170>statistics_analysis!$C$15,"high outlier","normal"))} -> normal
A172: 7205854 | B172: 7 | C172: 7.72 | D172: 90.1 | E172: {=IF(C171<statistics_analysis!$C$14,"low outlier",IF(C171>statistics_analysis!$C$15,"high outlier","normal"))} -> normal
A173: 504a9c64 | B173: 2 | C173: 18.33 | D173: 151.1 | E173: {=IF(C172<statistics_analysis!$C$14,"low outlier",IF(C172>statistics_analysis!$C$15,"high outlier","normal"))} -> normal
A174: c27e28e4 | B174: 5 | C174: 45.52 | D174: 177 | E174: {=IF(C173<statistics_analysis!$C$14,"low outlier",IF(C173>statistics_analysis!$C$15,"high outlier","normal"))} -> normal
A175: 7e7dea93 | B175: 10 | C175: 22.03 | D175: 127.3 | E175: {=IF(C174<statistics_analysis!$C$14,"low outlier",IF(C174>statistics_analysis!$C$15,"high outlier","normal"))} -> high outlier
A176: b6b66e47 | B176: 7 | C176: 4.64 | D176: 123.3 | E176: {=IF(C175<statistics_analysis!$C$14,"low outlier",IF(C175>statistics_analysis!$C$15,"high outlier","normal"))} -> normal
A177: 0ccda666 | B177: 7 | C177: 2.17 | D177: 124.6 | E177: {=IF(C176<statistics_analysis!$C$14,"low outlier",IF(C176>statistics_analysis!$C$15,"high outlier","normal"))} -> normal
A178: fa8de8c9 | B178: 10 | C178: 6.72 | D178: 155.5 | E178: {=IF(C177<statistics_analysis!$C$14,"low outlier",IF(C177>statistics_analysis!$C$15,"high outlier","normal"))} -> normal
A179: 7fb5c783 | B179: 1 | C179: 13.53 | D179: 154.8 | E179: {=IF(C178<statistics_analysis!$C$14,"low outlier",IF(C178>statistics_analysis!$C$15,"high outlier","normal"))} -> normal
A180: ad797bb1 | B180: 5 | C180: 6.78 | D180: 116.5 | E180: {=IF(C179<statistics_analysis!$C$14,"low outlier",IF(C179>statistics_analysis!$C$15,"high outlier","normal"))} -> normal
A181: 816d0b8d | B181: 3 | C181: 6.6 | D181: 127.6 | E181: {=IF(C180<statistics_analysis!$C$14,"low outlier",IF(C180>statistics_analysis!$C$15,"high outlier","normal"))} -> normal
A182: bb110683 | B182: 8 | C182: 18.22 | D182: 139.6 | E182: {=IF(C181<statistics_analysis!$C$14,"low outlier",IF(C181>statistics_analysis!$C$15,"high outlier","normal"))} -> normal
A183: 4c4a8eba | B183: 7 | C183: 4.48 | D183: 85.9 | E183: {=IF(C182<statistics_analysis!$C$14,"low outlier",IF(C182>statistics_analysis!$C$15,"high outlier","normal"))} -> normal
A184: 6f54ef21 | B184: 3 | C184: 19.65 | D184: 156.4 | E184: {=IF(C183<statistics_analysis!$C$14,"low outlier",IF(C183>statistics_analysis!$C$15,"high outlier","normal"))} -> normal
... A198: 3463ca9c | B198: 4 | C198: 8.04 | D198: 120.7 | E198: {=IF(C197<statistics_analysis!$C$14,"low outlier",IF(C197>statistics_analysis!$C$15,"high outlier","normal"))} -> normal
A199: 57756568 | B199: 3 | C199: 4.65 | D199: 111 | E199: {=IF(C198<statistics_analysis!$C$14,"low outlier",IF(C198>statistics_analysis!$C$15,"high outlier","normal"))} -> normal
A200: f3cc3863 | B200: 2 | C200: 10.84 | D200: 138.3 | E200: {=IF(C199<statistics_analysis!$C$14,"low outlier",IF(C199>statistics_analysis!$C$15,"high outlier","normal"))} -> normal
A201: 7893a80f | B201: 3 | C201: 1.52 | D201: 203 | E201: {=IF(C200<statistics_analysis!$C$14,"low outlier",IF(C200>statistics_analysis!$C$15,"high outlier","normal"))} -> normal
A202: 611f128b | B202: 9 | C202: 8.46 | D202: 123 | E202: {=IF(C201<statistics_analysis!$C$14,"low outlier",IF(C201>statistics_analysis!$C$15,"high outlier","normal"))} -> normal
A203: 1ed66f3c | B203: 5 | C203: 2.05 | D203: 94.7 | E203: {=IF(C202<statistics_analysis!$C$14,"low outlier",IF(C202>statistics_analysis!$C$15,"high outlier","normal"))} -> normal
A204: d0beafba | B204: 4 | C204: 3.27 | D204: 162.5 | E204: {=IF(C203<statistics_analysis!$C$14,"low outlier",IF(C203>statistics_analysis!$C$15,"high outlier","normal"))} -> normal
A205: 02520c2c | B205: 7 | C205: 2.47 | D205: 72.3 | E205: {=IF(C204<statistics_analysis!$C$14,"low outlier",IF(C204>statistics_analysis!$C$15,"high outlier","normal"))} -> normal
A206: 6b19aba5 | B206: 8 | C206: 2.02 | D206: 78.3 | E206: {=IF(C205<statistics_analysis!$C$14,"low outlier",IF(C205>statistics_analysis!$C$15,"high outlier","normal"))} -> normal
A207: d5351c64 | B207: 4 | C207: 17.47 | D207: 102.1 | E207: {=IF(C206<statistics_analysis!$C$14,"low outlier",IF(C206>statistics_analysis!$C$15,"high outlier","normal"))} -> normal
A208: 235d7870 | B208: 4 | C208: 3.36 | D208: 111.5 | E208: {=IF(C207<statistics_analysis!$C$14,"low outlier",IF(C207>statistics_analysis!$C$15,"high outlier","normal"))} -> normal
A209: 017c54c8 | B209: 8 | C209: 26.19 | D209: 101.4 | E209: {=IF(C208<statistics_analysis!$C$14,"low outlier",IF(C208>statistics_analysis!$C$15,"high outlier","normal"))} -> normal
A210: 288f157f | B210: 5 | C210: 35.04 | D210: 119.1 | E210: {=IF(C209<statistics_analysis!$C$14,"low outlier",IF(C209>statistics_analysis!$C$15,"high outlier","normal"))} -> normal
A211: 724c4a59 | B211: 5 | C211: 8.47 | D211: 128.2 | E211: {=IF(C210<statistics_analysis!$C$14,"low outlier",IF(C210>statistics_analysis!$C$15,"high outlier","normal"))} -> high outlier
... A244: ba9c31e6 | B244: 4 | C244: 6.28 | D244: 139.7 | E244: {=IF(C243<statistics_analysis!$C$14,"low outlier",IF(C243>statistics_analysis!$C$15,"high outlier","normal"))} -> normal
A245: 91158499 | B245: 8 | C245: 14.3 | D245: 81.9 | E245: {=IF(C244<statistics_analysis!$C$14,"low outlier",IF(C244>statistics_analysis!$C$15,"high outlier","normal"))} -> normal
...

Sheet statistics_analysis
B1: sessions | C1: payments | D1: game_time_minutes
A2: AVG | B2: =AVERAGE(raw_data!B$2:B$501) -> 4.974 | C2: =AVERAGE(raw_data!C$2:C$501) -> 10.06386 | D2: =AVERAGE(raw_data!D$2:D$501) -> 119.9864 | F2: Creating a table for outliers statistics (using COUNTIF)
A3: MED | B3: =MEDIAN(raw_data!B2:B501) -> 5 | C3: =MEDIAN(raw_data!C2:C501) -> 6.71 | D3: =MEDIAN(raw_data!D2:D501) -> 119.55 | F3: {=UNIQUE(raw_data_edited!E2:E999)} -> normal | G3: =COUNTIF(raw_data_edited!E2:E999, "normal") -> 477
A4: MOD | B4: =MODE(raw_data!B2:B501) -> 4 | C4: =MODE(raw_data!C2:C501) -> 4.38 | D4: =MODE(raw_data!D2:D501) -> 109.2 | F4: high outlier | G4: =COUNTIF(raw_data_edited!E2:E999,"high outlier") -> 23
A5: MIN | B5: =min(raw_data!B2:B501) -> 0 | C5: =min(raw_data!C2:C501) -> 0.01 | D5: =min(raw_data!D2:D501) -> 40.1
A6: MAX | B6: =max(raw_data!B2:B501) -> 12 | C6: =max(raw_data!C2:C501) -> 77.24 | D6: =max(raw_data!D2:D501) -> 203 | F6: Chart #1
A7: STDEV | B7: =stdev(raw_data!B2:B501) -> 2.2617593 | C7: =stdev(raw_data!C2:C501) -> 10.402668 | D7: =stdev(raw_data!D2:D501) -> 30.98328
A9: Q1 | B9: =QUARTILE(raw_data!B2:B501, 1) -> 3 | C9: =QUARTILE(raw_data_edited!$C$2:$C999, 1) -> 2.8125 | D9: =QUARTILE(raw_data_edited!$D$2:$D999, 1) -> 99.025
A10: Q2 (median) | B10: =QUARTILE(raw_data!B2:B502, 2) -> 5 | C10: =QUARTILE(raw_data_edited!$C$2:$C999, 2) -> 6.71 | D10: =QUARTILE(raw_data!D2:D502, 2) -> 119.55
A11: Q3 | B11: =QUARTILE(raw_data!B$2:B$500, 3) -> 6 | C11: =QUARTILE(raw_data_edited!$C$2:$C999, 3) -> 14.05 | D11: =QUARTILE(raw_data_edited!$D$2:$D999, 3) -> 141.15
A12: IQR | B12: =B11-B9 -> 3 | C12: =C11-C9 -> 11.2375 | D12: =D11-D9 -> 42.125
A14: Lower bound | B14: =B9-(1.5*B12) -> -1.5 | C14: =C9-1.5*C12 -> -14.04375 | D14: =D9-1.5*D12 -> 35.8375
A15: Upper bound | B15: =B11+(1.5*B12) -> 10.5 | C15: =C11+1.5*C12 -> 30.90625 | D15: =D11+1.5*D12 -> 204.3375
F19: Creating a table for sessions statistics (candlestick chart data)
G20: MIN | H20: Q1 | I20: Q3 | J20: MAX
F21: Sessions | G21: =B5 -> 0 | H21: =B9 -> 3 | I21: =B11 -> 6 | J21: =B6 -> 12
F24: Chart #2

Sheet Explanation
A1: Conclusion
A2: The calculated average payment is $10.06, while the median is $6.71. Because the mean is noticeably higher than the median, the distribution is right-skewed. This proves that a small number of high-value transactions are driving the average up.
A4: The most frequent number of sessions per user is 4 (Mode), with an overall average of 4.97 sessions and an average game time of 119.99 minutes per user.
A6: As visualized in the payments histogram, the highest volume of transactions is heavily concentrated in the lowest bin of $0.00 to $3.64.
A8: While 95.4% of users make standard payments clustered under $30.91 (primarily concentrated below $3.64), the overall average revenue is highly dependent on the 4.6% high-outlier group.
A10: Engagement is highly stable, with users typically clocking around 120 minutes of game time and naturally clustering at 4 sessions.
